police_ref,true_severity_id,predicted_severity_id,probability_severity_1,probability_severity_2,probability_severity_3
12120075150,2,3,0.02,0.15,0.83
2110156783,3,3,0.01,0.25,0.74
12130195440,2,3,0.01,0.22,0.77
12130039495,3,3,0.02,0.23,0.75
2110022815,3,3,0.0,0.13,0.87
12130009932,2,3,0.03,0.21,0.76
2090011611,3,3,0.03,0.22,0.75
2090196687,3,3,0.0,0.04,0.96
2100219398,3,3,0.04,0.16,0.8
12120110586,3,3,0.02,0.3,0.68
12120152208,3,2,0.06,0.57,0.37
2110137044,2,2,0.01,0.58,0.41
12120019497,3,3,0.06,0.3,0.64
12130145627,3,3,0.01,0.14,0.85
2100006524,3,3,0.0,0.11,0.89
2110070505,3,3,0.0,0.2,0.8
2100016604,3,3,0.02,0.24,0.74
2100154805,3,3,0.04,0.11,0.85
12130050210,3,3,0.0,0.06,0.94
2100013613,3,3,0.0,0.24,0.76
2090140909,2,3,0.02,0.22,0.76
12120084861,2,2,0.02,0.55,0.43
2100199797,3,3,0.0,0.43,0.57
12120172060,2,3,0.0,0.47,0.53
2100157655,2,3,0.0,0.14,0.86
2110074760,2,3,0.03,0.22,0.75
2110006075,1,3,0.05,0.17,0.78
2100201731,2,3,0.01,0.25,0.74
12130048192,3,3,0.09,0.34,0.57
12130198401,3,3,0.0,0.17,0.83
12120009755,2,3,0.0,0.23,0.77
2100024884,3,3,0.02,0.26,0.72
12120068938,3,3,0.03,0.29,0.68
2100200837,3,3,0.0,0.43,0.57
12130042049,3,3,0.0,0.19,0.81
12120116590,3,3,0.06,0.19,0.75
12130173109,3,3,0.0,0.13,0.87
2110047579,2,2,0.01,0.51,0.48
2110109343,3,3,0.0,0.22,0.78
2100171296,3,3,0.0,0.16,0.84
2110097172,3,3,0.01,0.24,0.75
12130023763,3,3,0.0,0.24,0.76
12130180500,3,3,0.0,0.04,0.96
12130103043,3,3,0.01,0.23,0.76
2100035690,2,3,0.01,0.37,0.62
12120017034,3,3,0.0,0.13,0.87
2110081762,1,3,0.01,0.21,0.78
12120216536,3,3,0.0,0.21,0.79
2090126291,3,3,0.0,0.33,0.67
12120062607,2,3,0.03,0.26,0.71
2100191209,3,3,0.01,0.13,0.86
2090032159,3,3,0.02,0.11,0.87
2100027217,3,3,0.02,0.36,0.62
12120111774,3,3,0.09,0.13,0.78
12130210843,3,3,0.07,0.28,0.65
2110212873,3,3,0.0,0.14,0.86
12120094629,3,3,0.04,0.27,0.69
12120044779,3,3,0.0,0.09,0.91
2110177877,3,3,0.0,0.1,0.9
2090093309,3,3,0.0,0.2,0.8
2110164395,3,3,0.0,0.21,0.79
12120115788,3,3,0.0,0.14,0.86
12120172079,3,3,0.01,0.27,0.72
12130200970,3,3,0.05,0.15,0.8
12120081797,2,3,0.0,0.28,0.72
2100079953,3,3,0.04,0.16,0.8
2090007506,3,3,0.01,0.25,0.74
12120168834,3,3,0.01,0.06,0.93
2090163927,3,3,0.01,0.16,0.83
2090216544,3,3,0.01,0.15,0.84
12120145753,2,3,0.02,0.28,0.7
12120042027,3,3,0.01,0.23,0.76
12130039239,3,3,0.11,0.31,0.58
2100062294,2,3,0.05,0.33,0.62
12120198358,3,3,0.0,0.22,0.78
12130076094,1,2,0.21,0.44,0.35
12130078006,3,3,0.0,0.13,0.87
2110062347,2,3,0.0,0.42,0.58
2110207677,2,3,0.12,0.19,0.69
12130216550,3,3,0.02,0.19,0.79
2090222726,3,3,0.0,0.19,0.81
2090112546,3,3,0.0,0.12,0.88
12130115761,2,3,0.03,0.32,0.65
2100197121,3,3,0.02,0.21,0.77
2110021080,3,3,0.05,0.12,0.83
2100035722,3,3,0.05,0.36,0.59
2110063832,3,3,0.0,0.15,0.85
12130145541,3,3,0.01,0.16,0.83
12130222213,3,3,0.01,0.35,0.64
2110207919,3,3,0.09,0.24,0.67
12130094083,3,3,0.08,0.16,0.76
2110040211,2,2,0.05,0.54,0.41
12130014835,3,3,0.0,0.14,0.86
2110175683,3,3,0.03,0.1,0.87
2100109240,2,3,0.0,0.25,0.75
2110045008,3,3,0.0,0.11,0.89
2110075883,2,3,0.01,0.21,0.78
12130071639,3,3,0.01,0.36,0.63
2090092888,3,3,0.0,0.05,0.95
12130136948,3,3,0.03,0.14,0.83
2090013911,2,3,0.0,0.18,0.82
12120182830,3,3,0.03,0.25,0.72
2090095259,3,2,0.06,0.47,0.47
2110102750,2,3,0.02,0.28,0.7
12130098341,3,3,0.0,0.08,0.92
2100126599,3,3,0.01,0.33,0.66
2100121636,3,3,0.02,0.29,0.69
2110112127,3,3,0.0,0.1,0.9
2090023424,3,3,0.0,0.12,0.88
2110174958,3,3,0.0,0.11,0.89
2100070146,3,3,0.0,0.03,0.97
12120129228,3,3,0.01,0.23,0.76
12120065410,3,3,0.0,0.2,0.8
2110056829,3,3,0.04,0.27,0.69
12120173801,3,3,0.0,0.46,0.54
2100152302,2,3,0.02,0.14,0.84
12120070049,2,3,0.06,0.26,0.68
2090216619,3,3,0.0,0.31,0.69
2110003115,2,3,0.19,0.11,0.7
12120192156,3,3,0.0,0.16,0.84
12130064337,3,3,0.01,0.08,0.91
12120003531,3,3,0.0,0.09,0.91
12120148169,3,3,0.02,0.18,0.8
2110144848,3,3,0.03,0.11,0.86
2100040069,3,3,0.0,0.25,0.75
2090024657,2,3,0.03,0.27,0.7
2100152359,3,3,0.01,0.27,0.72
2090026131,2,3,0.0,0.29,0.71
2090189059,3,3,0.02,0.15,0.83
2100174464,2,3,0.1,0.21,0.69
2110123582,3,3,0.25,0.14,0.61
2100116101,3,3,0.01,0.21,0.78
12130205007,3,3,0.02,0.22,0.76
12120091887,2,3,0.0,0.34,0.66
2110081633,3,3,0.01,0.15,0.84
2100063460,3,3,0.01,0.24,0.75
2100208053,3,3,0.08,0.23,0.69
12120000727,3,3,0.02,0.25,0.73
12120041803,3,3,0.02,0.19,0.79
2110155354,3,3,0.0,0.22,0.78
2100051352,3,3,0.04,0.21,0.75
12120176600,2,3,0.01,0.38,0.61
2110109850,3,2,0.03,0.54,0.43
2090079063,3,3,0.0,0.31,0.69
2100210873,3,3,0.0,0.12,0.88
2090096500,3,2,0.05,0.52,0.43
2090166116,3,3,0.0,0.29,0.71
12120140949,3,3,0.02,0.17,0.81
2100058815,3,3,0.0,0.04,0.96
12120014107,3,3,0.03,0.26,0.71
2100150417,3,3,0.0,0.11,0.89
12120069811,2,3,0.0,0.13,0.87
2100009643,3,3,0.0,0.14,0.86
12120095230,2,3,0.0,0.09,0.91
2090140921,2,3,0.02,0.29,0.69
12130109292,3,3,0.01,0.31,0.68
12130167527,3,3,0.09,0.31,0.6
12120074080,3,3,0.0,0.14,0.86
2090156208,3,3,0.0,0.07,0.93
2100026098,3,3,0.05,0.17,0.78
2090145122,3,2,0.0,0.54,0.46
2110143596,3,3,0.0,0.16,0.84
12120085986,3,3,0.01,0.25,0.74
12130005163,3,3,0.0,0.46,0.54
12120108342,3,3,0.08,0.11,0.81
12130144415,2,3,0.01,0.15,0.84
2100040067,3,3,0.02,0.43,0.55
2090108642,3,3,0.01,0.26,0.73
12120138992,3,3,0.03,0.4,0.57
2110049566,3,3,0.03,0.37,0.6
12120189060,3,3,0.06,0.18,0.76
2100055689,1,3,0.15,0.25,0.6
12130186246,3,3,0.11,0.26,0.63
2110219321,3,3,0.03,0.14,0.83
2100164650,3,3,0.03,0.16,0.81
2090156523,3,3,0.0,0.19,0.81
2100086758,3,3,0.01,0.29,0.7
12130116363,2,3,0.0,0.08,0.92
2090105946,3,3,0.0,0.09,0.91
2090158715,3,3,0.0,0.14,0.86
2090058738,3,3,0.0,0.15,0.85
2090197090,3,3,0.01,0.07,0.92
2090215660,3,3,0.07,0.06,0.87
2110193450,3,3,0.0,0.17,0.83
2100021801,3,3,0.01,0.36,0.63
12130086201,3,3,0.0,0.15,0.85
12130225362,2,3,0.0,0.13,0.87
2100064282,3,3,0.0,0.05,0.95
2110096486,3,3,0.0,0.13,0.87
12130007448,3,3,0.01,0.16,0.83
2100117657,3,3,0.05,0.09,0.86
2110116833,3,3,0.0,0.15,0.85
12130117233,3,3,0.0,0.12,0.88
2090053689,3,3,0.01,0.18,0.81
2090047761,2,3,0.07,0.15,0.78
12130171082,3,3,0.0,0.09,0.91
2110059286,2,3,0.02,0.42,0.56
2110068233,2,3,0.12,0.33,0.55
2100155866,2,3,0.01,0.2,0.79
12120176970,3,3,0.01,0.21,0.78
12130076590,2,3,0.02,0.46,0.52
2100200309,3,3,0.0,0.3,0.7
2090220037,3,3,0.01,0.24,0.75
2090220921,3,3,0.02,0.11,0.87
2100010887,3,3,0.01,0.24,0.75
2110090856,3,3,0.01,0.34,0.65
2100194703,3,3,0.03,0.21,0.76
2090221416,3,3,0.01,0.24,0.75
2110156368,3,3,0.0,0.15,0.85
12130047465,2,3,0.02,0.25,0.73
12120150248,2,3,0.09,0.23,0.68
12120201198,3,3,0.03,0.31,0.66
2100157682,2,3,0.03,0.43,0.54
12130008145,3,3,0.0,0.35,0.65
2090198767,3,3,0.07,0.31,0.62
2100146008,3,3,0.1,0.32,0.58
12120154077,3,3,0.01,0.07,0.92
2090162579,3,3,0.16,0.4,0.44
2110150563,3,3,0.02,0.25,0.73
2110062277,1,2,0.16,0.48,0.36
12130061670,3,3,0.0,0.18,0.82
2100194366,3,3,0.0,0.25,0.75
2090059430,3,3,0.01,0.25,0.74
2110022224,3,3,0.0,0.18,0.82
12130027675,3,3,0.1,0.11,0.79
2090028456,2,3,0.03,0.21,0.76
2090189970,3,3,0.01,0.14,0.85
2100039652,2,2,0.01,0.5,0.49
12130099005,2,3,0.15,0.38,0.47
2090144160,3,3,0.0,0.47,0.53
12130002096,2,3,0.04,0.19,0.77
2110155212,2,3,0.01,0.12,0.87
2100142897,3,3,0.05,0.12,0.83
2090090947,3,3,0.05,0.26,0.69
2100036812,3,3,0.0,0.19,0.81
2100175199,3,3,0.01,0.07,0.92
2110201732,2,3,0.0,0.08,0.92
2110144021,3,3,0.03,0.12,0.85
2090141090,3,3,0.01,0.3,0.69
2090204874,3,3,0.0,0.02,0.98
2100092364,3,3,0.0,0.08,0.92
2110199353,2,3,0.02,0.26,0.72
2110209544,3,3,0.0,0.13,0.87
12130189601,3,3,0.04,0.28,0.68
2100176202,2,3,0.07,0.09,0.84
2090165913,3,3,0.0,0.39,0.61
2100154303,3,2,0.0,0.56,0.44
2110070662,3,3,0.08,0.14,0.78
12130168807,3,3,0.0,0.14,0.86
2100202152,3,3,0.11,0.21,0.68
2100209365,3,3,0.01,0.22,0.77
2110151913,3,3,0.0,0.18,0.82
12120074256,3,3,0.0,0.07,0.93
12130084530,2,3,0.02,0.31,0.67
2090214418,3,3,0.03,0.2,0.77
12130126952,1,2,0.04,0.58,0.38
12120051406,3,3,0.0,0.22,0.78
12120155459,3,3,0.01,0.46,0.53
12130194656,3,3,0.01,0.19,0.8
2110028206,2,3,0.05,0.2,0.75
2100180918,3,3,0.03,0.26,0.71
2090172900,3,3,0.15,0.31,0.54
12120102632,3,3,0.02,0.36,0.62
12120195922,3,3,0.03,0.13,0.84
12120101998,3,3,0.0,0.21,0.79
2090109285,3,3,0.0,0.33,0.67
12130091624,3,3,0.03,0.03,0.94
12120198565,3,3,0.1,0.33,0.57
12130056648,3,3,0.0,0.29,0.71
2100164452,3,3,0.0,0.14,0.86
2100099417,3,3,0.0,0.05,0.95
2100199215,3,3,0.0,0.17,0.83
2110084710,3,3,0.0,0.06,0.94
12120162882,3,3,0.03,0.31,0.66
2090155147,3,3,0.0,0.17,0.83
2110115901,3,3,0.01,0.23,0.76
2090123665,2,3,0.01,0.25,0.74
2090080323,2,3,0.04,0.06,0.9
2110184991,3,3,0.0,0.06,0.94
12130093054,2,3,0.02,0.39,0.59
2090081286,3,3,0.01,0.08,0.91
2100047569,3,3,0.04,0.14,0.82
2090056317,2,3,0.01,0.38,0.61
12130027670,2,3,0.0,0.39,0.61
2110055961,2,3,0.0,0.11,0.89
12130217904,2,3,0.03,0.27,0.7
12120072856,3,2,0.07,0.58,0.35
2110163638,3,3,0.01,0.26,0.73
2100187154,3,3,0.02,0.14,0.84
2110087342,3,3,0.01,0.21,0.78
2100059920,3,3,0.02,0.39,0.59
12120119786,3,3,0.01,0.33,0.66
2090127633,3,3,0.0,0.48,0.52
2090148730,3,3,0.0,0.21,0.79
2090011076,3,3,0.02,0.29,0.69
2100202501,3,3,0.0,0.09,0.91
2090156092,3,3,0.03,0.18,0.79
2090044663,3,3,0.19,0.18,0.63
2110216579,3,3,0.0,0.11,0.89
2090162693,3,2,0.04,0.55,0.41
2090184374,3,3,0.0,0.12,0.88
2090040749,3,3,0.01,0.31,0.68
2090016990,3,3,0.04,0.15,0.81
2100069917,3,3,0.02,0.44,0.54
12130000987,3,3,0.01,0.27,0.72
12130130192,3,3,0.07,0.06,0.87
2110053644,3,3,0.03,0.24,0.73
12130110481,3,3,0.01,0.1,0.89
12130114218,3,3,0.01,0.13,0.86
2100128774,3,3,0.03,0.31,0.66
12130032752,2,3,0.0,0.21,0.79
2090161358,3,2,0.0,0.66,0.34
2110060081,3,3,0.0,0.03,0.97
2090087024,2,3,0.04,0.32,0.64
2110038943,3,3,0.0,0.36,0.64
2090194565,2,3,0.01,0.47,0.52
2100072408,2,3,0.0,0.31,0.69
2090182962,3,3,0.0,0.12,0.88
2110062289,3,3,0.0,0.3,0.7
2110182276,3,3,0.01,0.27,0.72
12120143890,3,3,0.0,0.15,0.85
2090105576,3,3,0.01,0.13,0.86
12120135359,3,3,0.0,0.23,0.77
2090202905,3,3,0.03,0.13,0.84
12130037676,3,3,0.0,0.18,0.82
12130191844,3,3,0.2,0.18,0.62
2100123127,2,3,0.01,0.37,0.62
12120123932,3,3,0.0,0.42,0.58
12120154797,2,3,0.01,0.03,0.96
12120039787,3,3,0.0,0.18,0.82
2090186457,3,3,0.01,0.11,0.88
12120037294,3,3,0.03,0.25,0.72
2090067823,3,3,0.17,0.39,0.44
2100201571,3,3,0.08,0.14,0.78
2110183186,3,3,0.01,0.11,0.88
2100210481,3,3,0.1,0.07,0.83
2090072710,2,3,0.06,0.25,0.69
12130092062,3,3,0.1,0.22,0.68
2100204512,3,3,0.0,0.12,0.88
2110122180,3,3,0.0,0.22,0.78
12130187657,2,3,0.0,0.24,0.76
12120186636,3,3,0.01,0.11,0.88
12130059295,2,3,0.01,0.19,0.8
2100157150,3,3,0.01,0.13,0.86
2110017402,3,3,0.0,0.11,0.89
12120112287,3,3,0.01,0.3,0.69
12130198261,3,2,0.02,0.51,0.47
2090081331,3,3,0.0,0.02,0.98
2100144505,3,3,0.0,0.17,0.83
2100173284,3,3,0.0,0.39,0.61
12120141911,3,3,0.02,0.41,0.57
2090091571,3,3,0.07,0.24,0.69
12130135209,1,3,0.04,0.12,0.84
2090012044,3,3,0.0,0.21,0.79
2100199861,1,3,0.03,0.07,0.9
2100184549,3,3,0.01,0.24,0.75
2090035863,1,3,0.24,0.31,0.45
2110170179,3,3,0.0,0.13,0.87
2090097177,3,3,0.0,0.13,0.87
2100033777,3,3,0.01,0.19,0.8
2090067386,2,3,0.01,0.26,0.73
12130114142,3,3,0.02,0.2,0.78
2100040660,3,3,0.0,0.11,0.89
2100004010,3,3,0.0,0.22,0.78
2090070343,3,3,0.03,0.2,0.77
12120154629,3,3,0.0,0.21,0.79
12120014013,3,3,0.01,0.21,0.78
2110118680,3,3,0.0,0.15,0.85
12130112698,3,3,0.0,0.06,0.94
12120173842,2,3,0.01,0.2,0.79
2090144698,3,3,0.08,0.07,0.85
2100207993,3,3,0.0,0.11,0.89
2100168409,3,3,0.01,0.14,0.85
12130177662,2,3,0.0,0.07,0.93
12130202348,3,3,0.02,0.34,0.64
2100179256,3,3,0.01,0.19,0.8
12130219201,3,3,0.0,0.21,0.79
12130153282,3,3,0.02,0.33,0.65
12130168714,3,3,0.0,0.13,0.87
2110067130,2,3,0.03,0.17,0.8
2090018070,3,3,0.01,0.3,0.69
2090203509,3,3,0.01,0.22,0.77
2110182869,2,3,0.03,0.22,0.75
2090046885,3,3,0.0,0.11,0.89
12130115889,1,3,0.02,0.24,0.74
2100153281,3,3,0.0,0.14,0.86
2100050188,3,3,0.01,0.15,0.84
2110048630,2,3,0.03,0.23,0.74
12130159995,2,3,0.01,0.08,0.91
12130070366,3,3,0.0,0.1,0.9
2110120176,2,3,0.0,0.17,0.83
12130183680,3,3,0.0,0.28,0.72
2100065021,3,3,0.0,0.09,0.91
2090032078,3,3,0.0,0.37,0.63
12120188226,3,3,0.01,0.15,0.84
12130215912,3,3,0.03,0.31,0.66
2090212811,2,3,0.02,0.07,0.91
2110167218,2,3,0.0,0.36,0.64
12130042998,3,3,0.0,0.15,0.85
12120173358,3,3,0.05,0.29,0.66
2090151490,3,3,0.02,0.18,0.8
2100149650,3,3,0.0,0.15,0.85
2110043637,3,3,0.01,0.26,0.73
2100103441,3,3,0.0,0.18,0.82
2100213412,3,3,0.02,0.17,0.81
2110137658,2,3,0.0,0.2,0.8
2110093316,2,3,0.01,0.26,0.73
2100064978,3,3,0.0,0.21,0.79
12120002933,3,3,0.0,0.33,0.67
2090046992,3,3,0.04,0.37,0.59
2100059943,3,3,0.06,0.32,0.62
12120118537,3,3,0.0,0.24,0.76
2100220909,2,3,0.02,0.14,0.84
2100050002,3,3,0.0,0.11,0.89
2110154618,2,3,0.0,0.3,0.7
2100149438,3,3,0.02,0.32,0.66
2110039253,3,3,0.0,0.41,0.59
2090087611,3,3,0.01,0.31,0.68
2100207158,3,3,0.0,0.14,0.86
12120062532,3,3,0.01,0.21,0.78
12120120411,3,3,0.0,0.3,0.7
12120080558,3,3,0.0,0.17,0.83
2110147959,3,3,0.0,0.11,0.89
2090092779,3,3,0.0,0.14,0.86
2100194968,2,3,0.01,0.17,0.82
12130195905,3,3,0.03,0.3,0.67
2100069278,3,3,0.01,0.25,0.74
2110166936,3,3,0.0,0.19,0.81
2090056849,3,3,0.01,0.13,0.86
12130069547,3,3,0.03,0.23,0.74
2090025571,2,3,0.02,0.12,0.86
2100156868,3,3,0.03,0.14,0.83
12120068356,3,3,0.0,0.14,0.86
2110024371,2,3,0.0,0.1,0.9
12120082966,3,3,0.0,0.08,0.92
2090016014,2,3,0.01,0.45,0.54
2100145194,3,3,0.01,0.18,0.81
2090196131,3,3,0.0,0.21,0.79
12130086445,3,3,0.02,0.12,0.86
2100103255,2,3,0.01,0.3,0.69
12130165717,3,3,0.0,0.21,0.79
2110017334,2,3,0.0,0.33,0.67
2090193225,3,3,0.0,0.19,0.81
2110186054,2,3,0.01,0.36,0.63
2090074137,2,3,0.01,0.26,0.73
2110185898,3,3,0.06,0.12,0.82
2100023333,3,3,0.02,0.17,0.81
12130100974,3,3,0.0,0.2,0.8
2110015663,3,3,0.0,0.29,0.71
2100009715,3,3,0.06,0.23,0.71
12120117472,3,3,0.0,0.02,0.98
12120030348,3,3,0.0,0.2,0.8
2110162058,3,3,0.03,0.41,0.56
2090014547,3,3,0.02,0.22,0.76
12130163316,3,3,0.0,0.17,0.83
2110214849,2,3,0.0,0.32,0.68
12120217271,3,3,0.07,0.37,0.56
12120013217,3,3,0.0,0.12,0.88
12130169810,3,3,0.01,0.11,0.88
2110064309,3,3,0.01,0.21,0.78
12130016704,2,3,0.02,0.35,0.63
2110108315,2,3,0.03,0.11,0.86
2110002366,3,3,0.0,0.06,0.94
2100197357,3,3,0.0,0.09,0.91
2110159947,3,3,0.0,0.28,0.72
2090214179,3,3,0.01,0.09,0.9
2110134082,3,3,0.03,0.06,0.91
12120210214,3,3,0.0,0.18,0.82
2100150141,3,2,0.0,0.54,0.46
12120063464,3,3,0.0,0.19,0.81
2090097424,3,3,0.04,0.15,0.81
2110157757,1,3,0.03,0.07,0.9
2100058130,3,3,0.03,0.18,0.79
12120154929,3,3,0.02,0.11,0.87
2100158113,2,3,0.01,0.13,0.86
2090090795,3,3,0.0,0.16,0.84
2110130661,3,2,0.0,0.56,0.44
2100077996,3,3,0.02,0.34,0.64
12130197203,3,3,0.02,0.32,0.66
2090142099,3,3,0.02,0.13,0.85
12120035046,2,3,0.02,0.42,0.56
2110195915,3,3,0.04,0.2,0.76
2100127332,3,3,0.01,0.23,0.76
12130209332,3,3,0.03,0.1,0.87
12120137860,3,3,0.0,0.22,0.78
2100021677,3,3,0.0,0.05,0.95
12120182381,3,3,0.02,0.13,0.85
2090039537,3,3,0.0,0.25,0.75
2100113505,2,3,0.01,0.46,0.53
12130036191,3,3,0.01,0.22,0.77
12130151694,3,3,0.2,0.27,0.53
2090052554,3,3,0.0,0.15,0.85
12120151106,3,3,0.17,0.34,0.49
2090126276,3,3,0.0,0.1,0.9
2100150509,2,3,0.03,0.13,0.84
12120183189,3,3,0.01,0.26,0.73
2110069898,3,3,0.14,0.15,0.71
2090083848,3,3,0.01,0.36,0.63
12130023301,3,3,0.04,0.15,0.81
2090033052,3,3,0.15,0.42,0.43
12120034855,3,3,0.0,0.29,0.71
12120007021,2,3,0.0,0.19,0.81
2100102204,2,3,0.01,0.38,0.61
2100184455,3,2,0.07,0.47,0.46
12130070830,3,3,0.0,0.29,0.71
2100100837,2,3,0.05,0.17,0.78
12130092702,3,3,0.18,0.19,0.63
2110027706,3,3,0.03,0.2,0.77
2090136791,2,2,0.03,0.72,0.25
2110068105,2,3,0.17,0.27,0.56
2100204455,3,3,0.01,0.34,0.65
2100033816,3,3,0.0,0.14,0.86
2110019843,2,3,0.01,0.3,0.69
2090221079,3,3,0.0,0.14,0.86
12130200692,2,3,0.08,0.31,0.61
2090215873,3,3,0.03,0.14,0.83
2100107760,3,3,0.0,0.38,0.62
2110163626,3,3,0.03,0.14,0.83
2090167561,3,3,0.0,0.15,0.85
12130021216,3,2,0.11,0.45,0.44
12130206149,3,3,0.01,0.14,0.85
2100081160,3,3,0.0,0.21,0.79
2100068301,3,3,0.08,0.29,0.63
12120018353,3,3,0.0,0.26,0.74
2090152282,3,3,0.0,0.21,0.79
2110118836,2,3,0.01,0.33,0.66
2100137611,3,3,0.01,0.34,0.65
2110162866,2,3,0.03,0.23,0.74
2090193981,3,3,0.04,0.14,0.82
2100181049,2,3,0.01,0.33,0.66
12120218224,3,3,0.0,0.26,0.74
12130032528,3,3,0.0,0.21,0.79
2090196045,2,3,0.0,0.3,0.7
2100038971,2,3,0.13,0.16,0.71
12120090405,3,3,0.03,0.3,0.67
2100098241,3,3,0.08,0.09,0.83
12130046257,3,3,0.0,0.21,0.79
2100111184,3,3,0.28,0.16,0.56
2100031106,3,3,0.0,0.16,0.84
2110120680,2,3,0.05,0.16,0.79
2100029583,3,3,0.0,0.1,0.9
2100095534,3,3,0.05,0.27,0.68
12130003824,3,3,0.01,0.07,0.92
2100036115,3,3,0.0,0.19,0.81
12120182421,3,3,0.07,0.26,0.67
12130084502,2,3,0.02,0.25,0.73
12130115022,3,3,0.01,0.26,0.73
2110089050,3,3,0.0,0.28,0.72
12120203547,3,3,0.0,0.09,0.91
2110172210,3,3,0.07,0.15,0.78
12120056335,3,3,0.01,0.19,0.8
12130096141,3,3,0.0,0.15,0.85
12120123062,3,3,0.03,0.48,0.49
2110065741,3,3,0.0,0.19,0.81
2090105947,3,3,0.0,0.21,0.79
12120100540,3,3,0.02,0.29,0.69
2110218748,3,3,0.0,0.12,0.88
2090016018,2,3,0.05,0.47,0.48
12120072412,3,3,0.03,0.29,0.68
12130016299,3,3,0.0,0.11,0.89
2090109772,3,3,0.0,0.23,0.77
2110017131,2,3,0.0,0.21,0.79
12130164911,3,3,0.01,0.0,0.99
2100037450,3,3,0.28,0.21,0.51
12130084772,3,3,0.0,0.42,0.58
2090120225,3,3,0.02,0.18,0.8
2100047732,3,3,0.03,0.37,0.6
2100182175,3,3,0.09,0.3,0.61
12130209235,3,3,0.0,0.17,0.83
2090015597,3,3,0.03,0.08,0.89
2090181064,2,3,0.0,0.14,0.86
12120108091,3,3,0.0,0.02,0.98
12120147265,3,3,0.0,0.14,0.86
2090211561,2,3,0.01,0.29,0.7
12120156355,3,3,0.03,0.48,0.49
2110133229,2,3,0.02,0.31,0.67
12120077251,3,3,0.0,0.29,0.71
2090055668,3,3,0.0,0.04,0.96
2100088307,2,3,0.08,0.39,0.53
2100063397,3,3,0.24,0.29,0.47
12120193836,3,3,0.0,0.04,0.96
12130030992,3,3,0.02,0.43,0.55
2090081858,3,3,0.04,0.23,0.73
2110035553,2,3,0.02,0.24,0.74
2110131670,3,3,0.01,0.02,0.97
2110169952,3,3,0.0,0.13,0.87
2100197708,3,3,0.0,0.14,0.86
2100128309,3,3,0.0,0.27,0.73
12120132595,1,3,0.2,0.22,0.58
12130055651,3,3,0.01,0.09,0.9
2110004307,3,3,0.01,0.17,0.82
12130090061,3,3,0.01,0.12,0.87
12120194571,3,3,0.02,0.33,0.65
12130190543,3,3,0.02,0.15,0.83
2100154158,3,3,0.0,0.22,0.78
12120202346,3,3,0.01,0.15,0.84
12130056514,3,3,0.01,0.32,0.67
2110137238,3,3,0.02,0.28,0.7
12120083356,3,3,0.01,0.21,0.78
12130019387,3,3,0.0,0.33,0.67
12130104722,3,3,0.05,0.11,0.84
2100198262,2,3,0.0,0.37,0.63
12120086095,3,3,0.01,0.08,0.91
2090152044,3,3,0.0,0.18,0.82
2110068573,3,3,0.0,0.09,0.91
2090100016,3,3,0.09,0.11,0.8
12130038067,3,3,0.04,0.25,0.71
2100186693,3,3,0.0,0.23,0.77
12120090905,3,3,0.15,0.19,0.66
12120171083,3,3,0.0,0.37,0.63
12120139133,3,3,0.03,0.19,0.78
12120148415,2,3,0.01,0.23,0.76
12130028362,2,3,0.0,0.29,0.71
2090168851,2,3,0.01,0.24,0.75
2100100593,3,3,0.0,0.45,0.55
12130069370,1,3,0.02,0.06,0.92
12120190019,2,3,0.0,0.36,0.64
2110148623,3,3,0.01,0.06,0.93
2110012261,3,3,0.05,0.19,0.76
2110023297,2,3,0.1,0.01,0.89
2100123143,3,3,0.03,0.14,0.83
12130219982,3,3,0.0,0.41,0.59
12130001238,3,3,0.0,0.19,0.81
12130212520,2,3,0.02,0.2,0.78
2100155810,3,3,0.0,0.03,0.97
2100059162,3,3,0.12,0.31,0.57
2100173521,3,3,0.0,0.1,0.9
12120166607,3,3,0.02,0.1,0.88
12120134244,3,3,0.0,0.39,0.61
12120022650,3,3,0.09,0.38,0.53
12120152868,2,3,0.0,0.43,0.57
12130035050,3,3,0.0,0.17,0.83
12130130289,2,3,0.05,0.05,0.9
12120202542,3,3,0.0,0.16,0.84
12120010147,3,3,0.02,0.21,0.77
2110056200,3,3,0.03,0.32,0.65
2100022204,3,3,0.01,0.11,0.88
2090081118,3,3,0.0,0.1,0.9
2090163892,2,3,0.0,0.12,0.88
2100051121,3,3,0.03,0.23,0.74
12130000931,3,3,0.01,0.2,0.79
12130176396,3,3,0.01,0.1,0.89
2110137415,3,3,0.01,0.19,0.8
2110102700,3,3,0.09,0.24,0.67
2100195047,3,2,0.03,0.66,0.31
2090035449,3,3,0.02,0.22,0.76
2110061250,2,3,0.01,0.36,0.63
12120024851,2,3,0.22,0.29,0.49
2090166185,3,3,0.0,0.13,0.87
12130154074,3,3,0.12,0.24,0.64
2100133090,2,3,0.08,0.38,0.54
12130064391,3,3,0.01,0.26,0.73
2110204968,3,3,0.02,0.17,0.81
12130005541,2,3,0.01,0.38,0.61
2090027600,3,3,0.03,0.3,0.67
12130054986,3,3,0.0,0.14,0.86
12130196795,1,3,0.0,0.0,1.0
12130020957,3,3,0.01,0.21,0.78
12120164477,3,3,0.01,0.41,0.58
12130125786,3,3,0.01,0.23,0.76
2100204435,3,3,0.07,0.2,0.73
2090117723,3,3,0.0,0.21,0.79
2100077470,3,3,0.0,0.09,0.91
12130186697,3,3,0.01,0.29,0.7
12130139618,3,3,0.02,0.32,0.66
12120007988,2,3,0.0,0.22,0.78
2100075329,3,3,0.03,0.11,0.86
12120129419,3,1,0.51,0.11,0.38
2090127042,2,3,0.01,0.06,0.93
2100143637,2,3,0.31,0.25,0.44
2110198048,3,3,0.06,0.2,0.74
2100216546,3,3,0.04,0.26,0.7
2090100480,3,3,0.0,0.23,0.77
2090076912,2,3,0.07,0.14,0.79
2100166273,3,3,0.0,0.03,0.97
12120072497,3,3,0.0,0.06,0.94
2090165479,3,3,0.0,0.29,0.71
2090077780,3,3,0.01,0.2,0.79
12130194556,3,3,0.0,0.06,0.94
2110204588,3,3,0.02,0.13,0.85
2110139096,3,3,0.0,0.16,0.84
2110163257,3,3,0.05,0.23,0.72
2100155470,3,3,0.0,0.26,0.74
2110203040,2,3,0.0,0.13,0.87
12130087144,2,2,0.0,0.52,0.48
2090073406,2,3,0.0,0.32,0.68
2110070465,3,3,0.0,0.28,0.72
12130206593,2,3,0.0,0.15,0.85
2090178337,3,3,0.0,0.08,0.92
2110000790,3,3,0.0,0.41,0.59
12130103736,3,3,0.0,0.25,0.75
12120070852,3,3,0.01,0.22,0.77
12130184681,3,3,0.0,0.14,0.86
2100128971,3,3,0.03,0.09,0.88
12130146856,2,3,0.0,0.06,0.94
2100080465,3,3,0.0,0.07,0.93
2100024376,2,3,0.08,0.38,0.54
12120205580,3,3,0.0,0.1,0.9
2100131885,3,3,0.02,0.19,0.79
12120180294,3,3,0.02,0.1,0.88
2100178043,3,3,0.04,0.32,0.64
12130033311,3,3,0.0,0.18,0.82
2090178678,3,3,0.01,0.21,0.78
12120008354,3,3,0.0,0.26,0.74
2110067303,3,3,0.07,0.19,0.74
2100218740,2,3,0.0,0.07,0.93
12130190053,3,3,0.02,0.26,0.72
2110026080,3,3,0.0,0.17,0.83
2100172385,3,3,0.02,0.1,0.88
2090079993,3,3,0.0,0.43,0.57
2100096380,2,3,0.0,0.26,0.74
2100069394,3,3,0.05,0.2,0.75
2110023745,3,3,0.0,0.17,0.83
2110196840,3,3,0.05,0.17,0.78
12130147462,3,3,0.13,0.39,0.48
12120006230,2,3,0.07,0.28,0.65
12130017590,3,3,0.0,0.13,0.87
12130002931,3,3,0.02,0.25,0.73
2090035830,3,3,0.0,0.15,0.85
2110021473,3,3,0.0,0.15,0.85
2100061872,2,3,0.02,0.12,0.86
12130132524,3,3,0.01,0.26,0.73
12130036343,3,3,0.0,0.06,0.94
2100072520,3,3,0.08,0.24,0.68
12130044379,3,3,0.0,0.14,0.86
2100121719,2,3,0.02,0.33,0.65
12120016774,2,2,0.0,0.59,0.41
12120164031,2,3,0.02,0.22,0.76
2100046128,3,3,0.03,0.35,0.62
2100051822,3,2,0.16,0.51,0.33
12120077457,3,3,0.05,0.31,0.64
2090209398,3,3,0.0,0.26,0.74
2100037891,2,3,0.01,0.29,0.7
12130084596,3,3,0.02,0.19,0.79
2110093151,3,3,0.0,0.22,0.78
2090206843,3,3,0.04,0.09,0.87
2090169532,2,3,0.0,0.33,0.67
12130080075,3,3,0.01,0.22,0.77
12130080981,3,3,0.0,0.24,0.76
2100015682,2,3,0.1,0.42,0.48
2100187661,2,3,0.06,0.18,0.76
2090026112,2,3,0.06,0.36,0.58
2090223532,3,3,0.04,0.39,0.57
12120147264,2,3,0.02,0.15,0.83
12130006264,3,3,0.05,0.29,0.66
12130059015,2,3,0.02,0.24,0.74
2090061481,3,3,0.0,0.19,0.81
12130101444,3,3,0.05,0.26,0.69
2100210789,3,3,0.02,0.14,0.84
2100123696,3,3,0.07,0.1,0.83
2100103238,3,3,0.04,0.17,0.79
2110123079,3,3,0.03,0.33,0.64
2110214271,3,3,0.0,0.27,0.73
12120083117,3,3,0.0,0.19,0.81
2110105368,2,3,0.03,0.36,0.61
2090168889,2,3,0.03,0.23,0.74
12130214043,2,3,0.11,0.22,0.67
2100064753,2,3,0.01,0.2,0.79
12130038307,3,3,0.0,0.32,0.68
2100207684,1,3,0.0,0.21,0.79
12130159834,3,3,0.07,0.16,0.77
12120086183,3,3,0.0,0.33,0.67
2090048439,3,3,0.03,0.16,0.81
12140008463,3,3,0.01,0.2,0.79
12130142302,3,3,0.0,0.04,0.96
2110000682,2,3,0.01,0.1,0.89
12120151598,2,3,0.05,0.32,0.63
2100106966,2,3,0.01,0.07,0.92
12120000781,3,3,0.02,0.08,0.9
2100098273,2,3,0.0,0.13,0.87
12130045680,2,3,0.1,0.15,0.75
12120174502,3,3,0.02,0.14,0.84
12130180410,2,3,0.02,0.11,0.87
12130156471,3,3,0.0,0.17,0.83
2110171919,3,3,0.03,0.15,0.82
12130007210,2,3,0.16,0.2,0.64
2100050987,3,3,0.0,0.03,0.97
12130214447,3,3,0.01,0.07,0.92
12120021107,2,3,0.02,0.17,0.81
12120060863,3,3,0.02,0.21,0.77
2100118776,3,3,0.02,0.3,0.68
2110197900,3,3,0.05,0.14,0.81
2110188569,3,3,0.04,0.21,0.75
2100156475,3,3,0.02,0.04,0.94
2110151505,3,3,0.0,0.13,0.87
2110170874,2,3,0.1,0.38,0.52
2090077453,3,3,0.0,0.22,0.78
2100167339,3,3,0.0,0.03,0.97
2100029265,3,2,0.0,0.51,0.49
2110014848,3,3,0.0,0.16,0.84
2090132030,2,3,0.02,0.37,0.61
12130199315,3,3,0.01,0.36,0.63
12120084832,2,3,0.1,0.35,0.55
12120137209,1,3,0.03,0.23,0.74
12130158820,3,3,0.03,0.22,0.75
12130074426,3,3,0.05,0.2,0.75
2110015008,3,3,0.0,0.28,0.72
2110144257,3,3,0.0,0.08,0.92
2090100942,3,3,0.0,0.3,0.7
2090054403,2,3,0.06,0.25,0.69
2110150149,2,2,0.01,0.51,0.48
2090224425,3,3,0.01,0.23,0.76
12130031572,3,3,0.07,0.19,0.74
12120033101,3,3,0.0,0.17,0.83
12120092713,2,3,0.07,0.35,0.58
12120204890,3,3,0.0,0.19,0.81
12130204787,3,3,0.02,0.22,0.76
2090104819,2,3,0.0,0.34,0.66
2110051914,3,3,0.0,0.1,0.9
12120066058,3,3,0.0,0.14,0.86
2090199489,3,3,0.01,0.45,0.54
2090040016,2,3,0.03,0.2,0.77
12130146333,3,3,0.03,0.28,0.69
2090084912,3,3,0.02,0.2,0.78
2110150301,3,3,0.0,0.32,0.68
2100181912,3,3,0.03,0.24,0.73
2090053610,3,2,0.0,0.63,0.37
12120070300,2,3,0.0,0.31,0.69
2090077062,3,3,0.02,0.46,0.52
2100116673,3,3,0.03,0.21,0.76
12130059500,3,3,0.0,0.04,0.96
2110143328,1,3,0.06,0.12,0.82
12130019823,3,3,0.0,0.15,0.85
2110167399,3,3,0.03,0.33,0.64
12130066682,3,3,0.04,0.34,0.62
12120061736,3,3,0.08,0.28,0.64
2100187414,2,3,0.0,0.31,0.69
12130112146,3,3,0.01,0.42,0.57
12120062562,3,3,0.06,0.29,0.65
2100199440,3,3,0.0,0.13,0.87
2090016954,3,3,0.0,0.13,0.87
12120144543,2,3,0.03,0.27,0.7
2090013814,3,3,0.07,0.35,0.58
12120167620,3,3,0.0,0.2,0.8
2100095434,2,3,0.04,0.21,0.75
12120112428,3,3,0.0,0.23,0.77
12130169365,2,3,0.01,0.21,0.78
2110008949,3,3,0.04,0.27,0.69
2100123218,3,3,0.03,0.08,0.89
12120129701,2,3,0.0,0.17,0.83
12130123803,3,3,0.0,0.08,0.92
2100079708,3,2,0.0,0.51,0.49
2090083459,3,3,0.0,0.12,0.88
2110141435,3,3,0.01,0.39,0.6
12130141590,3,3,0.04,0.17,0.79
12130054612,2,3,0.21,0.27,0.52
2110145300,3,3,0.01,0.19,0.8
2100022331,3,3,0.17,0.13,0.7
2090084425,3,3,0.04,0.17,0.79
12120171451,3,3,0.01,0.09,0.9
12130032128,3,3,0.0,0.28,0.72
12120031509,3,3,0.0,0.1,0.9
12130176453,3,3,0.0,0.13,0.87
2110118385,3,3,0.0,0.19,0.81
2100159606,3,3,0.01,0.15,0.84
2110093774,3,3,0.0,0.24,0.76
2090036974,2,3,0.03,0.12,0.85
2100140260,1,3,0.01,0.32,0.67
2090078292,3,3,0.13,0.39,0.48
2090073048,3,3,0.04,0.28,0.68
12120130500,2,3,0.0,0.37,0.63
12120010967,3,3,0.0,0.39,0.61
12130022673,3,3,0.08,0.29,0.63
2100115640,3,3,0.04,0.32,0.64
2100098977,2,2,0.04,0.5,0.46
12120105566,2,3,0.04,0.27,0.69
2090061429,1,3,0.17,0.09,0.74
12120058338,3,3,0.01,0.29,0.7
12130224323,2,3,0.02,0.21,0.77
12120203882,3,3,0.0,0.16,0.84
2110022292,3,3,0.0,0.39,0.61
12130179482,3,3,0.02,0.33,0.65
12130208417,3,3,0.0,0.31,0.69
12130141043,3,3,0.02,0.17,0.81
2100032773,3,3,0.03,0.25,0.72
12130169487,1,3,0.01,0.29,0.7
12130078734,3,3,0.01,0.33,0.66
2100102537,3,3,0.0,0.04,0.96
2090077301,3,3,0.03,0.17,0.8
2100017288,3,3,0.01,0.12,0.87
2090108043,3,3,0.01,0.2,0.79
12120173509,2,3,0.01,0.25,0.74
2110188919,3,3,0.01,0.16,0.83
2090001271,2,3,0.06,0.21,0.73
12120005159,3,3,0.0,0.17,0.83
12120076046,2,2,0.0,0.61,0.39
12120033037,3,3,0.0,0.2,0.8
12120162565,3,3,0.06,0.21,0.73
2100051790,3,3,0.0,0.15,0.85
2090078968,3,3,0.0,0.08,0.92
12120081213,2,3,0.0,0.15,0.85
2110157163,3,3,0.02,0.2,0.78
12130179505,3,3,0.02,0.11,0.87
2100013198,3,3,0.02,0.31,0.67
12130003884,3,3,0.0,0.36,0.64
2090043284,3,3,0.0,0.33,0.67
2110150865,3,3,0.01,0.17,0.82
2100088207,3,3,0.02,0.31,0.67
2110194579,3,3,0.08,0.22,0.7
12120204896,3,3,0.0,0.17,0.83
2100068221,3,3,0.09,0.25,0.66
12130046483,3,3,0.06,0.17,0.77
12120107064,3,2,0.09,0.46,0.45
12120203346,3,3,0.04,0.43,0.53
2100175878,2,3,0.03,0.25,0.72
12130181803,3,3,0.03,0.15,0.82
2090182231,3,3,0.01,0.34,0.65
2090166265,2,3,0.05,0.45,0.5
2100033294,3,3,0.01,0.38,0.61
2090011364,3,3,0.0,0.13,0.87
2090138720,3,3,0.0,0.15,0.85
12130050272,3,3,0.02,0.06,0.92
2110152841,1,3,0.05,0.35,0.6
2110197955,3,3,0.03,0.29,0.68
12120098154,2,2,0.05,0.5,0.45
2110165419,3,3,0.1,0.26,0.64
2110006051,2,3,0.0,0.33,0.67
12130199891,2,3,0.08,0.3,0.62
12120208290,3,3,0.02,0.35,0.63
12120015178,1,3,0.02,0.42,0.56
12130000924,3,3,0.04,0.09,0.87
12120196372,3,3,0.0,0.08,0.92
2090186333,3,3,0.02,0.16,0.82
12130215923,3,3,0.0,0.07,0.93
2110215632,3,3,0.04,0.21,0.75
12120082948,3,3,0.0,0.06,0.94
12130183564,3,3,0.02,0.35,0.63
12130068439,3,3,0.0,0.19,0.81
2110031307,3,3,0.02,0.1,0.88
12130024891,3,3,0.02,0.15,0.83
2090052354,3,3,0.01,0.19,0.8
2100164773,2,3,0.0,0.18,0.82
12120056096,3,3,0.0,0.05,0.95
2110094156,2,3,0.03,0.24,0.73
2110204803,3,3,0.02,0.27,0.71
12130035585,3,3,0.0,0.07,0.93
2110196592,3,3,0.01,0.11,0.88
2100069882,3,3,0.01,0.16,0.83
2100066298,3,3,0.01,0.3,0.69
2100198661,3,3,0.04,0.24,0.72
12130186688,3,3,0.03,0.3,0.67
2090168854,3,3,0.01,0.16,0.83
2090136867,2,3,0.0,0.25,0.75
12120186107,3,3,0.04,0.15,0.81
2090191118,3,3,0.0,0.23,0.77
2100206808,3,3,0.01,0.19,0.8
2090204408,3,3,0.0,0.34,0.66
2100115469,2,3,0.01,0.37,0.62
2100041469,3,3,0.02,0.23,0.75
2110126822,2,3,0.07,0.23,0.7
12120025448,3,3,0.0,0.42,0.58
12120022832,3,3,0.01,0.17,0.82
2090020992,3,3,0.01,0.15,0.84
12130162032,3,3,0.33,0.13,0.54
2100038460,3,3,0.0,0.09,0.91
12130139763,2,3,0.0,0.07,0.93
2110107212,3,3,0.0,0.08,0.92
2090204620,3,3,0.0,0.13,0.87
2090018738,3,3,0.01,0.12,0.87
12130019725,3,3,0.03,0.16,0.81
2100165813,3,3,0.04,0.29,0.67
2090037775,3,3,0.05,0.27,0.68
2110093703,3,3,0.01,0.23,0.76
2090118489,3,3,0.01,0.16,0.83
2090213880,2,3,0.0,0.3,0.7
12130203192,3,3,0.03,0.33,0.64
12130053775,3,3,0.03,0.2,0.77
2090124178,3,3,0.0,0.08,0.92
2090069202,3,3,0.05,0.18,0.77
12120073125,3,3,0.06,0.12,0.82
2110208546,3,3,0.03,0.14,0.83
12120118366,3,3,0.03,0.46,0.51
2090206102,3,3,0.0,0.06,0.94
12120210088,3,3,0.01,0.14,0.85
2110151984,2,3,0.0,0.28,0.72
12120094606,2,3,0.02,0.21,0.77
12120158080,2,3,0.11,0.44,0.45
2100109937,3,3,0.02,0.18,0.8
12130194154,2,3,0.01,0.2,0.79
2090128147,3,3,0.13,0.33,0.54
12130115785,2,3,0.02,0.17,0.81
2110171884,3,3,0.01,0.06,0.93
12120201247,3,3,0.04,0.26,0.7
2100068238,3,3,0.09,0.36,0.55
2090152076,3,2,0.0,0.57,0.43
2100174880,2,2,0.06,0.67,0.27
12120063512,2,3,0.03,0.37,0.6
2090173942,3,3,0.0,0.22,0.78
2110010096,2,3,0.0,0.08,0.92
2100135075,3,3,0.06,0.23,0.71
2100117830,2,3,0.06,0.21,0.73
2100064710,3,3,0.0,0.18,0.82
12130072249,2,3,0.08,0.15,0.77
2100192313,3,3,0.0,0.32,0.68
2090206880,3,3,0.04,0.08,0.88
2090047606,2,2,0.01,0.53,0.46
12120037851,3,3,0.01,0.36,0.63
2090011835,3,3,0.0,0.26,0.74
2100017148,3,3,0.0,0.19,0.81
2110072435,1,2,0.0,0.7,0.3
12120128382,3,2,0.0,0.52,0.48
12120127749,3,3,0.0,0.14,0.86
2110207208,3,3,0.0,0.2,0.8
12130152385,3,3,0.0,0.17,0.83
2090157018,3,3,0.0,0.46,0.54
12130110654,2,3,0.06,0.32,0.62
2090164334,2,3,0.26,0.13,0.61
2090047569,2,3,0.11,0.26,0.63
12120097589,2,3,0.03,0.31,0.66
2090112249,1,3,0.1,0.28,0.62
12120040635,3,3,0.0,0.13,0.87
2090202690,3,3,0.03,0.21,0.76
2110097551,3,3,0.0,0.27,0.73
12130158233,3,3,0.03,0.08,0.89
2090198897,3,3,0.02,0.27,0.71
12130177851,2,3,0.02,0.43,0.55
2110194823,3,3,0.0,0.26,0.74
2090037170,3,3,0.03,0.32,0.65
12130038785,3,3,0.01,0.15,0.84
12130027095,3,3,0.02,0.16,0.82
2110084631,3,3,0.0,0.16,0.84
2110049864,3,3,0.01,0.09,0.9
2110129757,3,3,0.02,0.27,0.71
12120063608,3,3,0.0,0.08,0.92
2090174414,3,3,0.01,0.08,0.91
2110209422,2,3,0.02,0.18,0.8
2100193076,3,3,0.0,0.01,0.99
2090205170,3,3,0.02,0.23,0.75
12120115779,3,3,0.17,0.2,0.63
12130006158,3,3,0.0,0.12,0.88
2110148160,3,3,0.0,0.31,0.69
12130112004,2,3,0.0,0.19,0.81
2110108763,3,3,0.02,0.24,0.74
2100198358,3,3,0.03,0.16,0.81
12130116405,3,3,0.01,0.35,0.64
2090056193,3,3,0.0,0.22,0.78
12130064949,1,3,0.01,0.05,0.94
2110065252,2,3,0.0,0.14,0.86
2110202560,3,3,0.0,0.16,0.84
2100009736,3,3,0.01,0.15,0.84
2100037707,3,3,0.0,0.2,0.8
12130077620,3,3,0.02,0.2,0.78
12130164980,3,3,0.02,0.19,0.79
2100188229,2,3,0.0,0.49,0.51
2090072479,3,3,0.0,0.31,0.69
12130127434,3,3,0.03,0.26,0.71
12130120674,3,3,0.0,0.08,0.92
12120205891,3,3,0.01,0.13,0.86
2110185263,3,3,0.04,0.1,0.86
2100080432,3,3,0.0,0.05,0.95
2110057725,3,3,0.0,0.3,0.7
2090084675,3,3,0.0,0.29,0.71
2100149067,3,3,0.01,0.08,0.91
12130113186,3,3,0.01,0.31,0.68
12130106177,3,3,0.03,0.24,0.73
2100057995,3,3,0.07,0.37,0.56
2100188744,3,3,0.13,0.24,0.63
2090033336,3,3,0.0,0.32,0.68
12120049631,2,3,0.02,0.47,0.51
2110018508,3,3,0.12,0.25,0.63
12130141482,2,3,0.0,0.1,0.9
12130047011,2,3,0.06,0.41,0.53
2100069281,3,3,0.02,0.24,0.74
12130054832,2,3,0.0,0.31,0.69
2090129530,3,3,0.0,0.12,0.88
12130126856,3,3,0.0,0.04,0.96
12120084233,2,3,0.02,0.13,0.85
12120121219,2,3,0.01,0.46,0.53
12130062905,3,3,0.0,0.43,0.57
12130090778,2,3,0.04,0.1,0.86
12100181541,3,3,0.08,0.36,0.56
12120097935,3,3,0.0,0.09,0.91
2100050624,3,3,0.0,0.27,0.73
2100180858,3,3,0.0,0.27,0.73
2090110470,3,3,0.02,0.28,0.7
2090145704,2,3,0.05,0.28,0.67
2100066943,3,3,0.0,0.18,0.82
12120168599,3,3,0.0,0.37,0.63
12120145145,3,3,0.04,0.13,0.83
12130213014,3,2,0.02,0.56,0.42
12120101138,3,3,0.03,0.29,0.68
12130153843,3,3,0.0,0.18,0.82
2090078229,3,3,0.0,0.26,0.74
2110006562,3,3,0.0,0.16,0.84
12130114893,2,3,0.0,0.2,0.8
12130008954,3,3,0.0,0.18,0.82
2100187279,2,3,0.0,0.09,0.91
2110193709,3,3,0.04,0.23,0.73
2110164864,3,3,0.02,0.28,0.7
2110101542,3,3,0.0,0.05,0.95
12120147780,3,3,0.03,0.34,0.63
2110216328,3,3,0.04,0.21,0.75
2110010110,3,3,0.01,0.19,0.8
12130127992,3,3,0.0,0.13,0.87
2110096674,3,3,0.03,0.32,0.65
2110196583,2,3,0.07,0.4,0.53
2100036139,2,3,0.0,0.07,0.93
2090186879,3,3,0.02,0.24,0.74
12130025829,3,3,0.07,0.28,0.65
2110205551,3,3,0.0,0.06,0.94
2110008166,3,3,0.02,0.21,0.77
12130197795,3,3,0.02,0.17,0.81
2090120747,2,3,0.0,0.04,0.96
12120073555,3,3,0.03,0.34,0.63
2090095442,2,3,0.0,0.06,0.94
2090204249,3,3,0.02,0.05,0.93
2100148907,3,3,0.07,0.44,0.49
12130111106,3,3,0.0,0.14,0.86
12120050756,3,3,0.0,0.48,0.52
12120115124,3,3,0.03,0.25,0.72
12120081249,2,3,0.0,0.07,0.93
2110056439,2,3,0.0,0.15,0.85
2100198072,3,3,0.07,0.17,0.76
2110092823,2,3,0.0,0.2,0.8
12120019482,2,3,0.0,0.24,0.76
12130140733,3,3,0.02,0.18,0.8
2100155708,3,3,0.03,0.17,0.8
12130147593,3,3,0.0,0.28,0.72
2110205041,2,3,0.03,0.1,0.87
2100098189,2,3,0.0,0.09,0.91
2110113732,3,3,0.0,0.21,0.79
2110129538,3,3,0.0,0.08,0.92
12130219552,3,3,0.02,0.18,0.8
2100046147,2,3,0.0,0.21,0.79
12120013818,2,3,0.05,0.35,0.6
12120106140,3,3,0.03,0.41,0.56
12130008513,3,3,0.11,0.09,0.8
2110018994,3,3,0.07,0.25,0.68
2110022826,3,3,0.03,0.39,0.58
12130154845,3,3,0.01,0.06,0.93
2100054171,3,3,0.0,0.06,0.94
2110102173,3,3,0.0,0.31,0.69
12130182803,3,3,0.01,0.17,0.82
2110135652,3,3,0.03,0.31,0.66
2100202949,3,3,0.06,0.15,0.79
12130121659,3,3,0.0,0.34,0.66
2110089464,3,3,0.0,0.15,0.85
12120119113,3,3,0.02,0.22,0.76
12120098881,2,3,0.07,0.29,0.64
2110190285,3,3,0.02,0.19,0.79
12130105389,2,3,0.0,0.08,0.92
2090149300,3,3,0.03,0.24,0.73
2110163162,3,3,0.0,0.23,0.77
12140039728,2,3,0.01,0.12,0.87
12120212089,1,3,0.06,0.38,0.56
12130151699,3,3,0.0,0.07,0.93
12120182736,3,3,0.02,0.11,0.87
2100023887,2,3,0.0,0.47,0.53
2110179271,3,3,0.04,0.29,0.67
2100028206,3,3,0.0,0.25,0.75
12120182500,3,3,0.0,0.26,0.74
2090117964,2,3,0.0,0.22,0.78
12120009857,1,3,0.0,0.3,0.7
2100137541,3,3,0.02,0.21,0.77
12120207913,3,3,0.0,0.26,0.74
2110078706,3,3,0.0,0.31,0.69
2110087504,3,3,0.07,0.32,0.61
2100091918,1,3,0.0,0.3,0.7
12120172915,3,3,0.0,0.19,0.81
12120048682,2,3,0.01,0.15,0.84
2110024866,3,3,0.0,0.37,0.63
2090061378,2,3,0.01,0.18,0.81
12120159674,2,3,0.03,0.27,0.7
2100162047,2,3,0.01,0.22,0.77
2100195568,3,3,0.05,0.22,0.73
2110198971,1,3,0.0,0.49,0.51
2090060886,3,3,0.04,0.12,0.84
12120204849,3,3,0.0,0.06,0.94
2090040325,2,3,0.02,0.19,0.79
12130201496,3,3,0.0,0.18,0.82
12120062390,2,3,0.01,0.21,0.78
12120190595,3,3,0.05,0.09,0.86
12120161743,3,3,0.0,0.19,0.81
2100028715,3,3,0.0,0.07,0.93
12120199041,3,3,0.03,0.28,0.69
2100145280,2,3,0.04,0.36,0.6
12130080252,2,3,0.02,0.1,0.88
2110107775,3,3,0.16,0.37,0.47
2100057008,1,3,0.14,0.22,0.64
12130128908,3,2,0.06,0.56,0.38
2090216852,3,3,0.0,0.27,0.73
12130068252,3,3,0.01,0.14,0.85
2090006454,3,3,0.01,0.11,0.88
2100204308,3,3,0.02,0.37,0.61
2110174640,3,2,0.08,0.59,0.33
2110186802,2,3,0.05,0.19,0.76
2100207325,3,3,0.02,0.1,0.88
2100204763,3,3,0.0,0.2,0.8
2090026901,3,3,0.0,0.27,0.73
2090094107,2,3,0.01,0.25,0.74
2100117554,2,3,0.17,0.21,0.62
2110115585,3,3,0.01,0.18,0.81
2100212194,3,3,0.02,0.3,0.68
2090084998,3,3,0.0,0.25,0.75
2100217097,3,3,0.0,0.04,0.96
2090168285,3,3,0.02,0.16,0.82
12130100923,3,3,0.02,0.15,0.83
2110138267,3,3,0.02,0.05,0.93
12130191028,3,3,0.0,0.18,0.82
12120038335,2,3,0.01,0.2,0.79
2090133922,3,3,0.01,0.35,0.64
12120021414,3,3,0.02,0.19,0.79
2090003667,3,3,0.0,0.04,0.96
2090143740,3,3,0.1,0.19,0.71
12130000512,3,3,0.0,0.09,0.91
12120087399,3,3,0.03,0.24,0.73
2100024616,3,3,0.04,0.2,0.76
2100190893,3,3,0.0,0.16,0.84
2100014818,3,3,0.0,0.21,0.79
2090035545,3,3,0.01,0.15,0.84
2110109207,3,3,0.05,0.28,0.67
2100201530,3,3,0.06,0.1,0.84
12130170039,3,3,0.0,0.18,0.82
2100160154,3,3,0.02,0.16,0.82
2100013421,3,3,0.21,0.32,0.47
2110177881,3,3,0.0,0.18,0.82
2090090828,2,3,0.17,0.24,0.59
2090091988,2,3,0.03,0.12,0.85
12120114699,1,3,0.01,0.34,0.65
2110042495,3,3,0.0,0.2,0.8
12120041739,3,3,0.15,0.29,0.56
2090158460,3,3,0.1,0.23,0.67
2090159071,2,3,0.03,0.35,0.62
2110158910,3,3,0.03,0.14,0.83
2090023477,3,3,0.02,0.16,0.82
12130196729,3,3,0.0,0.24,0.76
12130217929,3,3,0.0,0.21,0.79
2100216925,3,3,0.06,0.2,0.74
2100139047,3,3,0.0,0.34,0.66
2100082732,2,3,0.06,0.4,0.54
2110151363,3,3,0.0,0.04,0.96
12130221607,2,3,0.02,0.31,0.67
12120182243,2,3,0.07,0.16,0.77
12120092857,3,3,0.03,0.14,0.83
12120219698,3,3,0.13,0.17,0.7
12120073037,2,3,0.0,0.29,0.71
2110140037,3,3,0.02,0.05,0.93
2110085168,2,2,0.24,0.43,0.33
2110155467,3,3,0.04,0.36,0.6
12120019240,3,3,0.03,0.18,0.79
2100220895,2,3,0.02,0.16,0.82
2090084236,3,3,0.02,0.08,0.9
2090035784,3,3,0.02,0.2,0.78
12130196681,3,3,0.02,0.23,0.75
12120042516,3,3,0.02,0.3,0.68
2110209102,3,3,0.03,0.28,0.69
12130114403,2,3,0.01,0.22,0.77
2100162962,3,3,0.0,0.16,0.84
2100066919,3,3,0.03,0.43,0.54
2090152802,3,3,0.03,0.22,0.75
12120149941,2,3,0.05,0.29,0.66
12120086060,3,3,0.0,0.12,0.88
2110006863,1,3,0.02,0.48,0.5
2100146354,1,3,0.04,0.11,0.85
12120151843,3,3,0.07,0.31,0.62
2090012136,3,3,0.0,0.07,0.93
2090168523,3,3,0.0,0.28,0.72
2100013003,2,2,0.05,0.51,0.44
2090214980,3,2,0.06,0.58,0.36
2090061636,2,3,0.0,0.08,0.92
2110046677,3,3,0.01,0.16,0.83
2100116570,3,3,0.22,0.1,0.68
2100100757,2,2,0.0,0.7,0.3
2090186470,3,3,0.0,0.24,0.76
2110055895,3,3,0.02,0.31,0.67
12120219511,3,3,0.06,0.35,0.59
12120208969,3,3,0.0,0.28,0.72
2100091097,3,3,0.03,0.12,0.85
2110172943,3,3,0.03,0.16,0.81
2110083043,2,3,0.06,0.03,0.91
2110114144,3,3,0.03,0.32,0.65
12130033473,3,2,0.0,0.68,0.32
2110028915,3,3,0.12,0.21,0.67
2090152034,3,3,0.0,0.34,0.66
12120019448,3,3,0.02,0.19,0.79
2090008872,3,3,0.01,0.15,0.84
12130098140,3,3,0.01,0.35,0.64
2110124107,3,3,0.01,0.08,0.91
12130201818,3,3,0.0,0.1,0.9
12130172598,3,3,0.02,0.13,0.85
2110024187,3,3,0.02,0.33,0.65
2110179281,3,3,0.01,0.22,0.77
2100162343,3,3,0.0,0.1,0.9
2110125105,2,3,0.0,0.27,0.73
2100001465,2,3,0.03,0.11,0.86
2090060086,3,3,0.02,0.4,0.58
12120208150,3,3,0.04,0.18,0.78
12130048611,3,3,0.11,0.12,0.77
2100135761,2,3,0.02,0.13,0.85
2090214138,3,3,0.02,0.13,0.85
12120054747,2,3,0.01,0.15,0.84
2110161674,2,3,0.04,0.17,0.79
2110156995,3,3,0.01,0.2,0.79
2110043921,2,3,0.13,0.18,0.69
2100095087,3,3,0.02,0.31,0.67
2100157118,3,3,0.04,0.06,0.9
2100021638,3,3,0.01,0.32,0.67
2100167861,3,3,0.0,0.1,0.9
12120111980,2,3,0.03,0.17,0.8
2100082755,1,2,0.14,0.49,0.37
2090033109,3,3,0.0,0.12,0.88
2100145735,3,3,0.0,0.09,0.91
12120000726,3,3,0.0,0.24,0.76
2090133020,3,3,0.05,0.2,0.75
12120102925,3,3,0.23,0.23,0.54
2090002665,3,3,0.01,0.33,0.66
2100120200,2,3,0.0,0.15,0.85
2090120272,3,3,0.0,0.18,0.82
2100174918,3,3,0.0,0.23,0.77
2090097602,3,3,0.03,0.13,0.84
12130154637,3,3,0.0,0.35,0.65
12130123259,2,3,0.0,0.2,0.8
2090048853,2,3,0.01,0.21,0.78
12130075934,3,3,0.0,0.17,0.83
2090199374,3,3,0.14,0.29,0.57
12120049034,2,3,0.0,0.36,0.64
2100164192,3,3,0.01,0.49,0.5
2110120005,3,3,0.01,0.24,0.75
2090163935,2,3,0.0,0.28,0.72
12120051765,3,3,0.01,0.1,0.89
2090217044,3,3,0.03,0.24,0.73
2100126187,2,3,0.01,0.23,0.76
12130052593,3,3,0.0,0.07,0.93
2090192241,3,3,0.05,0.23,0.72
12120059481,3,3,0.05,0.1,0.85
12120137719,3,3,0.0,0.48,0.52
2090011878,3,3,0.01,0.21,0.78
12120218378,3,3,0.04,0.15,0.81
12130179544,1,3,0.24,0.27,0.49
12120217331,3,3,0.0,0.2,0.8
12130096751,3,3,0.0,0.08,0.92
2110080467,3,3,0.01,0.05,0.94
2100031923,3,3,0.09,0.35,0.56
2090034255,2,3,0.0,0.31,0.69
2090217747,3,3,0.0,0.27,0.73
2100210550,3,3,0.0,0.19,0.81
2090015105,2,3,0.03,0.25,0.72
12120055904,3,3,0.03,0.19,0.78
2090174024,3,3,0.02,0.31,0.67
12130117365,2,3,0.06,0.18,0.76
2100023941,3,3,0.02,0.16,0.82
12130117763,3,3,0.0,0.15,0.85
2110124423,3,2,0.0,0.55,0.45
2110155535,3,3,0.0,0.21,0.79
2110018656,3,3,0.02,0.05,0.93
12130144911,2,3,0.01,0.39,0.6
2090123628,3,3,0.0,0.37,0.63
12130052284,3,3,0.01,0.44,0.55
2090194378,3,3,0.0,0.41,0.59
2090178578,3,3,0.05,0.33,0.62
12120098183,3,3,0.0,0.38,0.62
12120108578,3,3,0.0,0.22,0.78
2100109919,3,3,0.0,0.22,0.78
2090093607,3,3,0.01,0.26,0.73
12120147247,3,3,0.0,0.07,0.93
2100026912,3,3,0.01,0.17,0.82
2100107191,3,3,0.01,0.07,0.92
12130172435,3,3,0.0,0.31,0.69
2090001339,3,3,0.02,0.24,0.74
2090145958,3,3,0.01,0.12,0.87
2100102646,3,3,0.09,0.21,0.7
2100084909,3,3,0.05,0.27,0.68
12120021342,2,3,0.01,0.23,0.76
12120121947,3,3,0.03,0.16,0.81
2100092793,3,3,0.0,0.24,0.76
2090177513,3,3,0.0,0.08,0.92
12130040689,3,3,0.0,0.29,0.71
12130078333,3,3,0.01,0.22,0.77
12130072592,3,3,0.0,0.25,0.75
12120156007,3,3,0.0,0.14,0.86
2110113886,3,3,0.06,0.25,0.69
12120187448,3,3,0.0,0.07,0.93
2100175605,3,3,0.0,0.19,0.81
2090219477,3,3,0.0,0.05,0.95
12130102544,3,3,0.01,0.14,0.85
2110038454,3,3,0.01,0.21,0.78
2100165820,3,3,0.0,0.07,0.93
2110178336,2,3,0.03,0.15,0.82
2100016259,3,3,0.03,0.26,0.71
2110113074,2,3,0.0,0.07,0.93
2110213882,3,3,0.0,0.14,0.86
12120209589,3,3,0.03,0.22,0.75
12130012832,3,3,0.05,0.07,0.88
12120009829,2,3,0.01,0.21,0.78
12130008622,3,3,0.07,0.3,0.63
12120075412,3,3,0.0,0.25,0.75
2100089743,3,3,0.0,0.29,0.71
2090171402,3,3,0.0,0.24,0.76
2100029449,3,3,0.02,0.32,0.66
2090085967,3,3,0.01,0.33,0.66
2100212269,1,3,0.04,0.19,0.77
2110090272,3,2,0.09,0.46,0.45
2100009352,2,3,0.0,0.12,0.88
12120076730,3,3,0.01,0.18,0.81
2110094257,2,3,0.09,0.41,0.5
2100022772,3,3,0.01,0.34,0.65
12130217641,3,3,0.01,0.15,0.84
12130007345,3,3,0.0,0.08,0.92
2110202584,3,3,0.01,0.15,0.84
2110055502,3,3,0.0,0.18,0.82
2110075432,3,3,0.0,0.09,0.91
2090185112,3,3,0.03,0.21,0.76
2090058294,3,3,0.0,0.09,0.91
2100079186,3,3,0.02,0.39,0.59
2110150321,2,3,0.16,0.15,0.69
2090022803,1,3,0.03,0.24,0.73
2110120793,3,3,0.05,0.3,0.65
12120036597,2,3,0.02,0.08,0.9
12130043034,3,3,0.01,0.22,0.77
2110016708,3,3,0.0,0.04,0.96
2120002673,2,3,0.0,0.14,0.86
12130071217,3,3,0.1,0.21,0.69
2090174042,2,3,0.07,0.4,0.53
2090068082,2,3,0.05,0.43,0.52
12130225850,2,3,0.14,0.21,0.65
2110132304,2,3,0.0,0.23,0.77
2090148546,3,3,0.0,0.27,0.73
12120170460,3,3,0.0,0.41,0.59
2100009664,3,3,0.02,0.11,0.87
2090130437,2,3,0.03,0.32,0.65
12120058257,2,3,0.09,0.21,0.7
2090151019,3,3,0.02,0.17,0.81
2090187733,2,3,0.0,0.12,0.88
2090218100,3,3,0.0,0.12,0.88
12130210716,1,3,0.02,0.29,0.69
2100027959,3,3,0.0,0.2,0.8
2090121598,3,3,0.0,0.33,0.67
12120171807,3,3,0.03,0.12,0.85
2090213822,3,3,0.01,0.26,0.73
12130051155,3,3,0.0,0.15,0.85
12130002432,2,3,0.0,0.04,0.96
12120031222,3,3,0.02,0.15,0.83
12130121742,3,3,0.1,0.31,0.59
12120179014,3,3,0.01,0.24,0.75
2090048038,3,3,0.01,0.25,0.74
12130158051,3,3,0.02,0.44,0.54
12120207583,3,3,0.0,0.09,0.91
12120149653,3,3,0.0,0.23,0.77
2090166106,3,3,0.0,0.12,0.88
2110051414,3,3,0.0,0.04,0.96
2100080684,2,3,0.08,0.28,0.64
12120108668,3,3,0.01,0.24,0.75
12120089925,3,3,0.0,0.34,0.66
2090098023,3,3,0.0,0.23,0.77
12130023262,3,3,0.0,0.37,0.63
12120019343,2,3,0.07,0.28,0.65
2090056499,3,3,0.0,0.09,0.91
12120004939,2,3,0.01,0.22,0.77
2100025536,2,3,0.1,0.18,0.72
2100036494,3,3,0.0,0.22,0.78
2110122256,3,3,0.01,0.07,0.92
2090164417,3,3,0.0,0.17,0.83
2090159677,3,3,0.01,0.37,0.62
12130084072,3,3,0.05,0.13,0.82
2100164777,3,3,0.01,0.45,0.54
2100090524,3,3,0.0,0.09,0.91
2100116054,3,3,0.06,0.21,0.73
2100073074,2,3,0.0,0.25,0.75
2100144809,3,3,0.02,0.2,0.78
12130003649,3,3,0.22,0.2,0.58
12120159033,3,3,0.02,0.09,0.89
2090210556,3,3,0.06,0.11,0.83
12130160845,3,3,0.07,0.2,0.73
12130115067,2,3,0.05,0.17,0.78
12120015851,3,3,0.02,0.24,0.74
2100114704,2,3,0.0,0.16,0.84
2100174193,2,3,0.0,0.08,0.92
2090034092,3,3,0.0,0.07,0.93
2110179835,2,3,0.02,0.12,0.86
2100014642,2,2,0.0,0.51,0.49
2100091092,3,2,0.01,0.72,0.27
2090131757,3,3,0.05,0.21,0.74
12130058063,2,3,0.07,0.3,0.63
2110205851,3,3,0.0,0.33,0.67
2090112055,2,3,0.03,0.11,0.86
12120063350,3,3,0.05,0.34,0.61
2090030411,3,3,0.04,0.47,0.49
2090201199,3,3,0.04,0.4,0.56
2100107196,3,3,0.02,0.32,0.66
12130047831,3,3,0.03,0.31,0.66
2090077756,3,3,0.04,0.2,0.76
12130163564,3,3,0.0,0.1,0.9
12130095875,3,3,0.02,0.36,0.62
12120087401,3,3,0.01,0.31,0.68
2100098999,3,3,0.02,0.38,0.6
12120213209,3,3,0.0,0.09,0.91
2110069945,3,3,0.01,0.36,0.63
2090063799,3,3,0.01,0.21,0.78
2100064246,3,3,0.0,0.26,0.74
2090001239,3,3,0.06,0.29,0.65
12130166687,3,3,0.01,0.17,0.82
12130162457,2,3,0.08,0.21,0.71
2090117788,3,3,0.0,0.37,0.63
2090076617,3,3,0.0,0.13,0.87
12130147699,3,3,0.05,0.3,0.65
2110095182,3,2,0.02,0.61,0.37
12120124565,3,3,0.0,0.04,0.96
2100174967,3,3,0.05,0.35,0.6
12130139937,2,3,0.01,0.27,0.72
12130171414,3,3,0.0,0.1,0.9
12120199939,3,3,0.0,0.13,0.87
2090187187,1,3,0.01,0.39,0.6
2100001763,3,3,0.0,0.19,0.81
2090117744,2,3,0.15,0.27,0.58
2090086237,2,2,0.01,0.78,0.21
2100029360,3,3,0.0,0.16,0.84
12130085612,3,3,0.0,0.2,0.8
2100119411,3,3,0.0,0.27,0.73
2100025146,2,3,0.05,0.42,0.53
12130038363,3,3,0.04,0.23,0.73
2090116980,3,3,0.01,0.32,0.67
12120049010,3,3,0.03,0.16,0.81
2100212904,3,3,0.02,0.4,0.58
2110022558,3,3,0.01,0.04,0.95
2090023750,3,3,0.02,0.24,0.74
2110022642,3,3,0.05,0.1,0.85
2110099385,3,3,0.0,0.19,0.81
12120218604,3,3,0.0,0.08,0.92
2090208444,2,3,0.0,0.18,0.82
2090054027,3,3,0.08,0.13,0.79
12130183347,3,3,0.01,0.16,0.83
2090037887,3,3,0.02,0.28,0.7
12130182962,3,3,0.01,0.34,0.65
12120083018,2,3,0.01,0.06,0.93
12130179892,3,3,0.0,0.11,0.89
2100152439,2,3,0.04,0.2,0.76
2110105697,3,3,0.01,0.17,0.82
2100172796,3,3,0.03,0.34,0.63
2090056472,2,3,0.03,0.2,0.77
2100000469,3,3,0.02,0.06,0.92
2110090670,3,3,0.02,0.2,0.78
12120125349,3,3,0.0,0.1,0.9
2090196451,3,3,0.04,0.33,0.63
12120192215,3,3,0.03,0.12,0.85
12120111776,2,3,0.0,0.28,0.72
12130138800,3,3,0.0,0.07,0.93
12130042577,3,3,0.0,0.36,0.64
2090057626,3,3,0.0,0.23,0.77
2090182649,3,3,0.05,0.31,0.64
2110027159,3,3,0.0,0.04,0.96
2110054340,2,3,0.0,0.19,0.81
12120008732,3,3,0.03,0.25,0.72
2090023578,3,3,0.0,0.22,0.78
12120213843,3,3,0.02,0.27,0.71
12120205390,3,3,0.0,0.09,0.91
2100039034,3,3,0.01,0.15,0.84
2110157535,2,3,0.0,0.14,0.86
2090181791,3,3,0.02,0.18,0.8
2110090147,3,3,0.09,0.22,0.69
12130154319,3,3,0.03,0.45,0.52
2090202246,3,3,0.02,0.31,0.67
12120153377,2,3,0.16,0.33,0.51
12120002097,3,3,0.03,0.28,0.69
12120147653,3,3,0.05,0.37,0.58
2110199351,3,3,0.0,0.29,0.71
12130088287,3,2,0.0,0.56,0.44
12120045503,3,3,0.0,0.12,0.88
12120121333,3,3,0.0,0.09,0.91
12120179177,3,3,0.01,0.28,0.71
2100043424,2,3,0.01,0.19,0.8
12130127424,3,3,0.0,0.24,0.76
12120114983,2,3,0.01,0.26,0.73
2090077262,3,3,0.01,0.38,0.61
2110025205,3,3,0.02,0.09,0.89
2090164880,3,3,0.01,0.19,0.8
12120037703,3,3,0.0,0.34,0.66
12120014306,3,3,0.03,0.16,0.81
2090169548,3,3,0.0,0.25,0.75
2100044912,2,3,0.03,0.2,0.77
12130072534,3,3,0.0,0.25,0.75
12130205004,3,3,0.01,0.34,0.65
2090095431,3,3,0.0,0.12,0.88
2110042511,3,3,0.0,0.24,0.76
2090001994,3,3,0.01,0.23,0.76
12130106580,3,3,0.0,0.14,0.86
12120154321,3,3,0.01,0.27,0.72
12120076342,2,3,0.04,0.16,0.8
12120176382,3,3,0.01,0.37,0.62
2090095139,2,2,0.08,0.46,0.46
2100157049,2,3,0.06,0.38,0.56
2090138149,3,3,0.02,0.18,0.8
2090217458,3,3,0.05,0.24,0.71
2100210925,3,3,0.01,0.16,0.83
12120112432,3,3,0.01,0.33,0.66
12130024281,3,3,0.01,0.28,0.71
12130167159,3,3,0.01,0.37,0.62
2100180564,3,3,0.02,0.25,0.73
12130174971,3,3,0.01,0.24,0.75
12120190341,3,3,0.07,0.3,0.63
2090213445,3,3,0.0,0.22,0.78
2090143285,3,3,0.0,0.29,0.71
12130024911,3,3,0.01,0.26,0.73
12120013807,3,3,0.02,0.11,0.87
2090157688,3,3,0.05,0.32,0.63
12120072170,3,3,0.0,0.11,0.89
12120082964,3,3,0.01,0.21,0.78
2110073852,3,3,0.06,0.27,0.67
2090054963,3,3,0.0,0.14,0.86
2090071863,3,3,0.0,0.07,0.93
2110143194,2,3,0.01,0.2,0.79
2110013563,3,3,0.02,0.12,0.86
2100157863,3,3,0.06,0.37,0.57
2100142218,2,2,0.0,0.54,0.46
2100208043,3,3,0.0,0.13,0.87
2090130518,3,3,0.0,0.25,0.75
12130024101,3,3,0.01,0.03,0.96
2090216649,3,3,0.19,0.17,0.64
12120209610,3,3,0.01,0.31,0.68
2100080617,2,2,0.02,0.7,0.28
2100137524,3,3,0.0,0.15,0.85
2110042213,3,3,0.02,0.14,0.84
12120144328,3,3,0.0,0.37,0.63
2090210246,2,3,0.01,0.26,0.73
12130214118,2,3,0.01,0.27,0.72
12130139913,3,3,0.05,0.26,0.69
2090100407,3,2,0.04,0.76,0.2
2110157759,3,3,0.0,0.32,0.68
2110144722,3,3,0.04,0.17,0.79
12130193253,3,3,0.0,0.33,0.67
2090064099,3,3,0.04,0.2,0.76
2100107250,3,3,0.0,0.15,0.85
2110101197,3,3,0.0,0.22,0.78
12130053742,2,3,0.01,0.44,0.55
2110111718,2,3,0.0,0.25,0.75
2100099997,2,3,0.0,0.23,0.77
12120214253,3,3,0.02,0.3,0.68
2090124549,3,3,0.0,0.11,0.89
12130136703,3,3,0.03,0.31,0.66
2110065750,2,2,0.02,0.68,0.3
2110033511,3,3,0.0,0.17,0.83
2100168811,2,3,0.01,0.18,0.81
2100102714,3,3,0.02,0.11,0.87
12130055711,3,3,0.01,0.07,0.92
2110152950,3,3,0.03,0.27,0.7
2090194730,3,3,0.02,0.12,0.86
2110172797,3,3,0.01,0.12,0.87
2090174748,3,3,0.04,0.08,0.88
2100117609,3,3,0.01,0.2,0.79
2090057257,2,3,0.08,0.25,0.67
12120065630,2,3,0.0,0.07,0.93
2090047050,3,3,0.01,0.27,0.72
12130200899,2,3,0.02,0.1,0.88
2090006749,3,3,0.04,0.25,0.71
2110170074,3,3,0.02,0.11,0.87
2110196774,3,3,0.01,0.16,0.83
12120095888,3,3,0.02,0.15,0.83
2110133134,3,3,0.02,0.03,0.95
2110111335,2,3,0.0,0.16,0.84
2100011107,3,3,0.09,0.15,0.76
2100185887,3,3,0.02,0.15,0.83
2090124402,2,3,0.0,0.41,0.59
2100189490,3,3,0.01,0.26,0.73
2100013821,3,3,0.05,0.23,0.72
12130133802,3,3,0.03,0.41,0.56
12120200395,3,3,0.0,0.11,0.89
2110050428,3,3,0.06,0.25,0.69
12130131474,3,3,0.07,0.28,0.65
2110042450,3,3,0.01,0.14,0.85
2110133976,3,3,0.0,0.21,0.79
12130038522,3,3,0.02,0.26,0.72
2090037231,3,3,0.0,0.02,0.98
2110189771,3,3,0.01,0.09,0.9
2110163600,3,3,0.02,0.09,0.89
2100025752,3,3,0.06,0.32,0.62
2100025205,3,3,0.0,0.11,0.89
12130196370,2,3,0.03,0.24,0.73
2100212023,2,3,0.0,0.3,0.7
2090163099,3,3,0.05,0.27,0.68
2100174185,3,3,0.0,0.19,0.81
12130013005,3,3,0.0,0.22,0.78
2090107874,3,3,0.0,0.1,0.9
12120051670,2,3,0.01,0.16,0.83
